iter	RMSE
0	0.3677916252
1	0.342761839
2	0.3161318818
3	0.2964149005
4	0.2794635218
5	0.2667202458
6	0.247053858
7	0.2328556753
8	0.217422901
9	0.1984533238
